<?xml version="1.0" encoding="utf-8"?>
<!DOCTYPE eagle SYSTEM "eagle.dtd">
<eagle version="9.4.2">
    <drawing>
        <settings>
            <setting alwaysvectorfont="no"/>
            <setting verticaltext="up"/>
        </settings>
        <grid distance="0.1" unitdist="inch" unit="inch" style="lines" multiple="1" display="no" altdistance="0.01" altunitdist="inch" altunit="inch"/>
        <layers>
            <layer number="1" name="Top" color="4" fill="1" visible="yes" active="yes"/>
            <layer number="16" name="Bottom" color="1" fill="1" visible="yes" active="yes"/>
            <layer number="17" name="Pads" color="2" fill="1" visible="yes" active="yes"/>
            <layer number="18" name="Vias" color="2" fill="1" visible="yes" active="yes"/>
            <layer number="19" name="Unrouted" color="6" fill="1" visible="yes" active="yes"/>
            <layer number="20" name="Dimension" color="24" fill="1" visible="yes" active="yes"/>
            <layer number="21" name="tPlace" color="7" fill="1" visible="yes" active="yes"/>
            <layer number="22" name="bPlace" color="7" fill="1" visible="yes" active="yes"/>
            <layer number="23" name="tOrigins" color="15" fill="1" visible="yes" active="yes"/>
            <layer number="24" name="bOrigins" color="15" fill="1" visible="yes" active="yes"/>
            <layer number="25" name="tNames" color="7" fill="1" visible="yes" active="yes"/>
            <layer number="26" name="bNames" color="7" fill="1" visible="yes" active="yes"/>
            <layer number="27" name="tValues" color="7" fill="1" visible="yes" active="yes"/>
            <layer number="28" name="bValues" color="7" fill="1" visible="yes" active="yes"/>
            <layer number="29" name="tStop" color="7" fill="3" visible="no" active="yes"/>
            <layer number="30" name="bStop" color="7" fill="6" visible="no" active="yes"/>
            <layer number="31" name="tCream" color="7" fill="4" visible="no" active="yes"/>
            <layer number="32" name="bCream" color="7" fill="5" visible="no" active="yes"/>
            <layer number="33" name="tFinish" color="6" fill="3" visible="no" active="yes"/>
            <layer number="34" name="bFinish" color="6" fill="6" visible="no" active="yes"/>
            <layer number="35" name="tGlue" color="7" fill="4" visible="no" active="yes"/>
            <layer number="36" name="bGlue" color="7" fill="5" visible="no" active="yes"/>
            <layer number="37" name="tTest" color="7" fill="1" visible="no" active="yes"/>
            <layer number="38" name="bTest" color="7" fill="1" visible="no" active="yes"/>
            <layer number="39" name="tKeepout" color="4" fill="11" visible="yes" active="yes"/>
            <layer number="40" name="bKeepout" color="1" fill="11" visible="yes" active="yes"/>
            <layer number="41" name="tRestrict" color="4" fill="10" visible="yes" active="yes"/>
            <layer number="42" name="bRestrict" color="1" fill="10" visible="yes" active="yes"/>
            <layer number="43" name="vRestrict" color="2" fill="10" visible="yes" active="yes"/>
            <layer number="44" name="Drills" color="7" fill="1" visible="no" active="yes"/>
            <layer number="45" name="Holes" color="7" fill="1" visible="no" active="yes"/>
            <layer number="46" name="Milling" color="3" fill="1" visible="no" active="yes"/>
            <layer number="47" name="Measures" color="7" fill="1" visible="no" active="yes"/>
            <layer number="48" name="Document" color="7" fill="1" visible="yes" active="yes"/>
            <layer number="49" name="Reference" color="7" fill="1" visible="yes" active="yes"/>
            <layer number="51" name="tDocu" color="7" fill="1" visible="yes" active="yes"/>
            <layer number="52" name="bDocu" color="7" fill="1" visible="yes" active="yes"/>
            <layer number="88" name="SimResults" color="9" fill="1" visible="yes" active="yes"/>
            <layer number="89" name="SimProbes" color="9" fill="1" visible="yes" active="yes"/>
            <layer number="90" name="Modules" color="5" fill="1" visible="yes" active="yes"/>
            <layer number="91" name="Nets" color="2" fill="1" visible="yes" active="yes"/>
            <layer number="92" name="Busses" color="1" fill="1" visible="yes" active="yes"/>
            <layer number="93" name="Pins" color="2" fill="1" visible="yes" active="yes"/>
            <layer number="94" name="Symbols" color="4" fill="1" visible="yes" active="yes"/>
            <layer number="95" name="Names" color="7" fill="1" visible="yes" active="yes"/>
            <layer number="96" name="Values" color="7" fill="1" visible="yes" active="yes"/>
            <layer number="97" name="Info" color="7" fill="1" visible="yes" active="yes"/>
            <layer number="98" name="Guide" color="6" fill="1" visible="yes" active="yes"/>
        </layers>
        <library>
            <packages>
            <package name="INTEL-ATOM-FOOTPRINT"></package>
            </packages>
            <symbols>
                <symbol name="UART">
                    <pin name="UARTO_TXD/SMB_CLK2/GPIOS_14" x="-25.4" y="7.62" length="middle"/>
                    <pin name="URATO_RXD/SMB_DATA2/GPIOS_13" x="-25.4" y="2.54" length="middle"/>
                    <pin name="UART1_TXD/GPIOS_7" x="-25.4" y="-2.54" length="middle"/>
                    <pin name="UART1_RXD/GPIOS_6" x="-25.4" y="-7.62" length="middle"/>
                    <wire x1="-20.32" y1="20.32" x2="22.86" y2="20.32" width="0.254" layer="94"/>
                    <wire x1="22.86" y1="20.32" x2="22.86" y2="-20.32" width="0.254" layer="94"/>
                    <wire x1="22.86" y1="-20.32" x2="-20.32" y2="-20.32" width="0.254" layer="94"/>
                    <wire x1="-20.32" y1="-20.32" x2="-20.32" y2="20.32" width="0.254" layer="94"/>
                    <text x="-2.54" y="-17.78" size="1.778" layer="94">UART</text>
                </symbol>
            </symbols>
            <devicesets>
                <deviceset name="INTEL-ATOM-C2XXX">
                    <gates>
                    
                    </gates>
                    <devices>
                        <device name="" package="INTEL-ATOM-FOOTPRINT">
                            <connects>
                                <connect gate="G$1" pin="CLK14_IN" pad="AM56_CLK14_IN"/>
                            </connects>
                            <technologies>
                                <technology name=""/>
                            </technologies>
                        </device>
                    </devices>
                </deviceset>
            </devicesets>
        </library>
    </drawing>
</eagle>
