<smd name="P$1" x="-0.7" y="0" dx="0.45" dy="0.45" layer="1" roundness="100"/>
<smd name="P$2" x="-1.4" y="0" dx="0.45" dy="0.45" layer="1" roundness="100"/>
<smd name="P$3" x="-2.1" y="0" dx="0.45" dy="0.45" layer="1" roundness="100"/>
<smd name="P$4" x="-2.8" y="0" dx="0.45" dy="0.45" layer="1" roundness="100"/>
<smd name="P$5" x="-3.5" y="0" dx="0.45" dy="0.45" layer="1" roundness="100"/>
<smd name="P$6" x="-4.2" y="0" dx="0.45" dy="0.45" layer="1" roundness="100"/>
<smd name="P$7" x="-4.9" y="0" dx="0.45" dy="0.45" layer="1" roundness="100"/>
<smd name="P$8" x="-5.6" y="0" dx="0.45" dy="0.45" layer="1" roundness="100"/>
<smd name="P$9" x="5.6" y="0" dx="0.45" dy="0.45" layer="1" roundness="100"/>
<smd name="P$10" x="4.9" y="0" dx="0.45" dy="0.45" layer="1" roundness="100"/>
<smd name="P$11" x="4.2" y="0" dx="0.45" dy="0.45" layer="1" roundness="100"/>
<smd name="P$12" x="3.5" y="0" dx="0.45" dy="0.45" layer="1" roundness="100"/>
<smd name="P$13" x="2.8" y="0" dx="0.45" dy="0.45" layer="1" roundness="100"/>
<smd name="P$14" x="2.1" y="0" dx="0.45" dy="0.45" layer="1" roundness="100"/>
<smd name="P$15" x="1.4" y="0" dx="0.45" dy="0.45" layer="1" roundness="100"/>
<smd name="P$16" x="0.7" y="0" dx="0.45" dy="0.45" layer="1" roundness="100"/>
<smd name="P$17" x="-0.7" y="0.7" dx="0.45" dy="0.45" layer="1" roundness="100"/>
<smd name="P$18" x="-1.4" y="0.7" dx="0.45" dy="0.45" layer="1" roundness="100"/>
<smd name="P$19" x="-2.1" y="0.7" dx="0.45" dy="0.45" layer="1" roundness="100"/>
<smd name="P$20" x="-2.8" y="0.7" dx="0.45" dy="0.45" layer="1" roundness="100"/>
<smd name="P$21" x="-3.5" y="0.7" dx="0.45" dy="0.45" layer="1" roundness="100"/>
<smd name="P$22" x="-4.2" y="0.7" dx="0.45" dy="0.45" layer="1" roundness="100"/>
<smd name="P$23" x="-4.9" y="0.7" dx="0.45" dy="0.45" layer="1" roundness="100"/>
<smd name="P$24" x="-5.6" y="0.7" dx="0.45" dy="0.45" layer="1" roundness="100"/>
<smd name="P$25" x="5.6" y="0.7" dx="0.45" dy="0.45" layer="1" roundness="100"/>
<smd name="P$26" x="4.9" y="0.7" dx="0.45" dy="0.45" layer="1" roundness="100"/>
<smd name="P$27" x="4.2" y="0.7" dx="0.45" dy="0.45" layer="1" roundness="100"/>
<smd name="P$28" x="3.5" y="0.7" dx="0.45" dy="0.45" layer="1" roundness="100"/>
<smd name="P$29" x="2.8" y="0.7" dx="0.45" dy="0.45" layer="1" roundness="100"/>
<smd name="P$30" x="2.1" y="0.7" dx="0.45" dy="0.45" layer="1" roundness="100"/>
<smd name="P$31" x="1.4" y="0.7" dx="0.45" dy="0.45" layer="1" roundness="100"/>
<smd name="P$32" x="0.7" y="0.7" dx="0.45" dy="0.45" layer="1" roundness="100"/>
<smd name="P$33" x="-0.7" y="1.4" dx="0.45" dy="0.45" layer="1" roundness="100"/>
<smd name="P$34" x="-1.4" y="1.4" dx="0.45" dy="0.45" layer="1" roundness="100"/>
<smd name="P$35" x="-2.1" y="1.4" dx="0.45" dy="0.45" layer="1" roundness="100"/>
<smd name="P$36" x="-2.8" y="1.4" dx="0.45" dy="0.45" layer="1" roundness="100"/>
<smd name="P$37" x="-3.5" y="1.4" dx="0.45" dy="0.45" layer="1" roundness="100"/>
<smd name="P$38" x="-4.2" y="1.4" dx="0.45" dy="0.45" layer="1" roundness="100"/>
<smd name="P$39" x="-4.9" y="1.4" dx="0.45" dy="0.45" layer="1" roundness="100"/>
<smd name="P$40" x="-5.6" y="1.4" dx="0.45" dy="0.45" layer="1" roundness="100"/>
<smd name="P$41" x="5.6" y="1.4" dx="0.45" dy="0.45" layer="1" roundness="100"/>
<smd name="P$42" x="4.9" y="1.4" dx="0.45" dy="0.45" layer="1" roundness="100"/>
<smd name="P$43" x="4.2" y="1.4" dx="0.45" dy="0.45" layer="1" roundness="100"/>
<smd name="P$44" x="3.5" y="1.4" dx="0.45" dy="0.45" layer="1" roundness="100"/>
<smd name="P$45" x="2.8" y="1.4" dx="0.45" dy="0.45" layer="1" roundness="100"/>
<smd name="P$46" x="2.1" y="1.4" dx="0.45" dy="0.45" layer="1" roundness="100"/>
<smd name="P$47" x="1.4" y="1.4" dx="0.45" dy="0.45" layer="1" roundness="100"/>
<smd name="P$48" x="0.7" y="1.4" dx="0.45" dy="0.45" layer="1" roundness="100"/>
<smd name="P$49" x="-0.7" y="2.1" dx="0.45" dy="0.45" layer="1" roundness="100"/>
<smd name="P$50" x="-1.4" y="2.1" dx="0.45" dy="0.45" layer="1" roundness="100"/>
<smd name="P$51" x="-2.1" y="2.1" dx="0.45" dy="0.45" layer="1" roundness="100"/>
<smd name="P$52" x="-2.8" y="2.1" dx="0.45" dy="0.45" layer="1" roundness="100"/>
<smd name="P$53" x="-3.5" y="2.1" dx="0.45" dy="0.45" layer="1" roundness="100"/>
<smd name="P$54" x="-4.2" y="2.1" dx="0.45" dy="0.45" layer="1" roundness="100"/>
<smd name="P$55" x="-4.9" y="2.1" dx="0.45" dy="0.45" layer="1" roundness="100"/>
<smd name="P$56" x="-5.6" y="2.1" dx="0.45" dy="0.45" layer="1" roundness="100"/>
<smd name="P$57" x="5.6" y="2.1" dx="0.45" dy="0.45" layer="1" roundness="100"/>
<smd name="P$58" x="4.9" y="2.1" dx="0.45" dy="0.45" layer="1" roundness="100"/>
<smd name="P$59" x="4.2" y="2.1" dx="0.45" dy="0.45" layer="1" roundness="100"/>
<smd name="P$60" x="3.5" y="2.1" dx="0.45" dy="0.45" layer="1" roundness="100"/>
<smd name="P$61" x="2.8" y="2.1" dx="0.45" dy="0.45" layer="1" roundness="100"/>
<smd name="P$62" x="2.1" y="2.1" dx="0.45" dy="0.45" layer="1" roundness="100"/>
<smd name="P$63" x="1.4" y="2.1" dx="0.45" dy="0.45" layer="1" roundness="100"/>
<smd name="P$64" x="0.7" y="2.1" dx="0.45" dy="0.45" layer="1" roundness="100"/>
<smd name="P$65" x="-0.7" y="2.8" dx="0.45" dy="0.45" layer="1" roundness="100"/>
<smd name="P$66" x="-1.4" y="2.8" dx="0.45" dy="0.45" layer="1" roundness="100"/>
<smd name="P$67" x="-2.1" y="2.8" dx="0.45" dy="0.45" layer="1" roundness="100"/>
<smd name="P$68" x="-2.8" y="2.8" dx="0.45" dy="0.45" layer="1" roundness="100"/>
<smd name="P$69" x="-3.5" y="2.8" dx="0.45" dy="0.45" layer="1" roundness="100"/>
<smd name="P$70" x="-4.2" y="2.8" dx="0.45" dy="0.45" layer="1" roundness="100"/>
<smd name="P$71" x="-4.9" y="2.8" dx="0.45" dy="0.45" layer="1" roundness="100"/>
<smd name="P$72" x="-5.6" y="2.8" dx="0.45" dy="0.45" layer="1" roundness="100"/>
<smd name="P$73" x="5.6" y="2.8" dx="0.45" dy="0.45" layer="1" roundness="100"/>
<smd name="P$74" x="4.9" y="2.8" dx="0.45" dy="0.45" layer="1" roundness="100"/>
<smd name="P$75" x="4.2" y="2.8" dx="0.45" dy="0.45" layer="1" roundness="100"/>
<smd name="P$76" x="3.5" y="2.8" dx="0.45" dy="0.45" layer="1" roundness="100"/>
<smd name="P$77" x="2.8" y="2.8" dx="0.45" dy="0.45" layer="1" roundness="100"/>
<smd name="P$78" x="2.1" y="2.8" dx="0.45" dy="0.45" layer="1" roundness="100"/>
<smd name="P$79" x="1.4" y="2.8" dx="0.45" dy="0.45" layer="1" roundness="100"/>
<smd name="P$80" x="0.7" y="2.8" dx="0.45" dy="0.45" layer="1" roundness="100"/>
<smd name="P$81" x="-0.7" y="3.5" dx="0.45" dy="0.45" layer="1" roundness="100"/>
<smd name="P$82" x="-1.4" y="3.5" dx="0.45" dy="0.45" layer="1" roundness="100"/>
<smd name="P$83" x="-2.1" y="3.5" dx="0.45" dy="0.45" layer="1" roundness="100"/>
<smd name="P$84" x="-2.8" y="3.5" dx="0.45" dy="0.45" layer="1" roundness="100"/>
<smd name="P$85" x="-3.5" y="3.5" dx="0.45" dy="0.45" layer="1" roundness="100"/>
<smd name="P$86" x="-4.2" y="3.5" dx="0.45" dy="0.45" layer="1" roundness="100"/>
<smd name="P$87" x="-4.9" y="3.5" dx="0.45" dy="0.45" layer="1" roundness="100"/>
<smd name="P$88" x="-5.6" y="3.5" dx="0.45" dy="0.45" layer="1" roundness="100"/>
<smd name="P$89" x="5.6" y="3.5" dx="0.45" dy="0.45" layer="1" roundness="100"/>
<smd name="P$90" x="4.9" y="3.5" dx="0.45" dy="0.45" layer="1" roundness="100"/>
<smd name="P$91" x="4.2" y="3.5" dx="0.45" dy="0.45" layer="1" roundness="100"/>
<smd name="P$92" x="3.5" y="3.5" dx="0.45" dy="0.45" layer="1" roundness="100"/>
<smd name="P$93" x="2.8" y="3.5" dx="0.45" dy="0.45" layer="1" roundness="100"/>
<smd name="P$94" x="2.1" y="3.5" dx="0.45" dy="0.45" layer="1" roundness="100"/>
<smd name="P$95" x="1.4" y="3.5" dx="0.45" dy="0.45" layer="1" roundness="100"/>
<smd name="P$96" x="0.7" y="3.5" dx="0.45" dy="0.45" layer="1" roundness="100"/>
<smd name="P$97" x="-0.7" y="4.2" dx="0.45" dy="0.45" layer="1" roundness="100"/>
<smd name="P$98" x="-1.4" y="4.2" dx="0.45" dy="0.45" layer="1" roundness="100"/>
<smd name="P$99" x="-2.1" y="4.2" dx="0.45" dy="0.45" layer="1" roundness="100"/>
<smd name="P$100" x="-2.8" y="4.2" dx="0.45" dy="0.45" layer="1" roundness="100"/>
<smd name="P$101" x="-3.5" y="4.2" dx="0.45" dy="0.45" layer="1" roundness="100"/>
<smd name="P$102" x="-4.2" y="4.2" dx="0.45" dy="0.45" layer="1" roundness="100"/>
<smd name="P$103" x="-4.9" y="4.2" dx="0.45" dy="0.45" layer="1" roundness="100"/>
<smd name="P$104" x="-5.6" y="4.2" dx="0.45" dy="0.45" layer="1" roundness="100"/>
<smd name="P$105" x="5.6" y="4.2" dx="0.45" dy="0.45" layer="1" roundness="100"/>
<smd name="P$106" x="4.9" y="4.2" dx="0.45" dy="0.45" layer="1" roundness="100"/>
<smd name="P$107" x="4.2" y="4.2" dx="0.45" dy="0.45" layer="1" roundness="100"/>
<smd name="P$108" x="3.5" y="4.2" dx="0.45" dy="0.45" layer="1" roundness="100"/>
<smd name="P$109" x="2.8" y="4.2" dx="0.45" dy="0.45" layer="1" roundness="100"/>
<smd name="P$110" x="2.1" y="4.2" dx="0.45" dy="0.45" layer="1" roundness="100"/>
<smd name="P$111" x="1.4" y="4.2" dx="0.45" dy="0.45" layer="1" roundness="100"/>
<smd name="P$112" x="0.7" y="4.2" dx="0.45" dy="0.45" layer="1" roundness="100"/>
<smd name="P$113" x="-0.7" y="-0.7" dx="0.45" dy="0.45" layer="1" roundness="100"/>
<smd name="P$114" x="-1.4" y="-0.7" dx="0.45" dy="0.45" layer="1" roundness="100"/>
<smd name="P$115" x="-2.1" y="-0.7" dx="0.45" dy="0.45" layer="1" roundness="100"/>
<smd name="P$116" x="-2.8" y="-0.7" dx="0.45" dy="0.45" layer="1" roundness="100"/>
<smd name="P$117" x="-3.5" y="-0.7" dx="0.45" dy="0.45" layer="1" roundness="100"/>
<smd name="P$118" x="-4.2" y="-0.7" dx="0.45" dy="0.45" layer="1" roundness="100"/>
<smd name="P$119" x="-4.9" y="-0.7" dx="0.45" dy="0.45" layer="1" roundness="100"/>
<smd name="P$120" x="-5.6" y="-0.7" dx="0.45" dy="0.45" layer="1" roundness="100"/>
<smd name="P$121" x="5.6" y="-0.7" dx="0.45" dy="0.45" layer="1" roundness="100"/>
<smd name="P$122" x="4.9" y="-0.7" dx="0.45" dy="0.45" layer="1" roundness="100"/>
<smd name="P$123" x="4.2" y="-0.7" dx="0.45" dy="0.45" layer="1" roundness="100"/>
<smd name="P$124" x="3.5" y="-0.7" dx="0.45" dy="0.45" layer="1" roundness="100"/>
<smd name="P$125" x="2.8" y="-0.7" dx="0.45" dy="0.45" layer="1" roundness="100"/>
<smd name="P$126" x="2.1" y="-0.7" dx="0.45" dy="0.45" layer="1" roundness="100"/>
<smd name="P$127" x="1.4" y="-0.7" dx="0.45" dy="0.45" layer="1" roundness="100"/>
<smd name="P$128" x="0.7" y="-0.7" dx="0.45" dy="0.45" layer="1" roundness="100"/>
<smd name="P$129" x="-0.7" y="-1.4" dx="0.45" dy="0.45" layer="1" roundness="100"/>
<smd name="P$130" x="-1.4" y="-1.4" dx="0.45" dy="0.45" layer="1" roundness="100"/>
<smd name="P$131" x="-2.1" y="-1.4" dx="0.45" dy="0.45" layer="1" roundness="100"/>
<smd name="P$132" x="-2.8" y="-1.4" dx="0.45" dy="0.45" layer="1" roundness="100"/>
<smd name="P$133" x="-3.5" y="-1.4" dx="0.45" dy="0.45" layer="1" roundness="100"/>
<smd name="P$134" x="-4.2" y="-1.4" dx="0.45" dy="0.45" layer="1" roundness="100"/>
<smd name="P$135" x="-4.9" y="-1.4" dx="0.45" dy="0.45" layer="1" roundness="100"/>
<smd name="P$136" x="-5.6" y="-1.4" dx="0.45" dy="0.45" layer="1" roundness="100"/>
<smd name="P$137" x="5.6" y="-1.4" dx="0.45" dy="0.45" layer="1" roundness="100"/>
<smd name="P$138" x="4.9" y="-1.4" dx="0.45" dy="0.45" layer="1" roundness="100"/>
<smd name="P$139" x="4.2" y="-1.4" dx="0.45" dy="0.45" layer="1" roundness="100"/>
<smd name="P$140" x="3.5" y="-1.4" dx="0.45" dy="0.45" layer="1" roundness="100"/>
<smd name="P$141" x="2.8" y="-1.4" dx="0.45" dy="0.45" layer="1" roundness="100"/>
<smd name="P$142" x="2.1" y="-1.4" dx="0.45" dy="0.45" layer="1" roundness="100"/>
<smd name="P$143" x="1.4" y="-1.4" dx="0.45" dy="0.45" layer="1" roundness="100"/>
<smd name="P$144" x="0.7" y="-1.4" dx="0.45" dy="0.45" layer="1" roundness="100"/>
<smd name="P$145" x="-0.7" y="-2.1" dx="0.45" dy="0.45" layer="1" roundness="100"/>
<smd name="P$146" x="-1.4" y="-2.1" dx="0.45" dy="0.45" layer="1" roundness="100"/>
<smd name="P$147" x="-2.1" y="-2.1" dx="0.45" dy="0.45" layer="1" roundness="100"/>
<smd name="P$148" x="-2.8" y="-2.1" dx="0.45" dy="0.45" layer="1" roundness="100"/>
<smd name="P$149" x="-3.5" y="-2.1" dx="0.45" dy="0.45" layer="1" roundness="100"/>
<smd name="P$150" x="-4.2" y="-2.1" dx="0.45" dy="0.45" layer="1" roundness="100"/>
<smd name="P$151" x="-4.9" y="-2.1" dx="0.45" dy="0.45" layer="1" roundness="100"/>
<smd name="P$152" x="-5.6" y="-2.1" dx="0.45" dy="0.45" layer="1" roundness="100"/>
<smd name="P$153" x="5.6" y="-2.1" dx="0.45" dy="0.45" layer="1" roundness="100"/>
<smd name="P$154" x="4.9" y="-2.1" dx="0.45" dy="0.45" layer="1" roundness="100"/>
<smd name="P$155" x="4.2" y="-2.1" dx="0.45" dy="0.45" layer="1" roundness="100"/>
<smd name="P$156" x="3.5" y="-2.1" dx="0.45" dy="0.45" layer="1" roundness="100"/>
<smd name="P$157" x="2.8" y="-2.1" dx="0.45" dy="0.45" layer="1" roundness="100"/>
<smd name="P$158" x="2.1" y="-2.1" dx="0.45" dy="0.45" layer="1" roundness="100"/>
<smd name="P$159" x="1.4" y="-2.1" dx="0.45" dy="0.45" layer="1" roundness="100"/>
<smd name="P$160" x="0.7" y="-2.1" dx="0.45" dy="0.45" layer="1" roundness="100"/>
<smd name="P$161" x="-0.7" y="-2.8" dx="0.45" dy="0.45" layer="1" roundness="100"/>
<smd name="P$162" x="-1.4" y="-2.8" dx="0.45" dy="0.45" layer="1" roundness="100"/>
<smd name="P$163" x="-2.1" y="-2.8" dx="0.45" dy="0.45" layer="1" roundness="100"/>
<smd name="P$164" x="-2.8" y="-2.8" dx="0.45" dy="0.45" layer="1" roundness="100"/>
<smd name="P$165" x="-3.5" y="-2.8" dx="0.45" dy="0.45" layer="1" roundness="100"/>
<smd name="P$166" x="-4.2" y="-2.8" dx="0.45" dy="0.45" layer="1" roundness="100"/>
<smd name="P$167" x="-4.9" y="-2.8" dx="0.45" dy="0.45" layer="1" roundness="100"/>
<smd name="P$168" x="-5.6" y="-2.8" dx="0.45" dy="0.45" layer="1" roundness="100"/>
<smd name="P$169" x="5.6" y="-2.8" dx="0.45" dy="0.45" layer="1" roundness="100"/>
<smd name="P$170" x="4.9" y="-2.8" dx="0.45" dy="0.45" layer="1" roundness="100"/>
<smd name="P$171" x="4.2" y="-2.8" dx="0.45" dy="0.45" layer="1" roundness="100"/>
<smd name="P$172" x="3.5" y="-2.8" dx="0.45" dy="0.45" layer="1" roundness="100"/>
<smd name="P$173" x="2.8" y="-2.8" dx="0.45" dy="0.45" layer="1" roundness="100"/>
<smd name="P$174" x="2.1" y="-2.8" dx="0.45" dy="0.45" layer="1" roundness="100"/>
<smd name="P$175" x="1.4" y="-2.8" dx="0.45" dy="0.45" layer="1" roundness="100"/>
<smd name="P$176" x="0.7" y="-2.8" dx="0.45" dy="0.45" layer="1" roundness="100"/>
<smd name="P$177" x="-0.7" y="-3.5" dx="0.45" dy="0.45" layer="1" roundness="100"/>
<smd name="P$178" x="-1.4" y="-3.5" dx="0.45" dy="0.45" layer="1" roundness="100"/>
<smd name="P$179" x="-2.1" y="-3.5" dx="0.45" dy="0.45" layer="1" roundness="100"/>
<smd name="P$180" x="-2.8" y="-3.5" dx="0.45" dy="0.45" layer="1" roundness="100"/>
<smd name="P$181" x="-3.5" y="-3.5" dx="0.45" dy="0.45" layer="1" roundness="100"/>
<smd name="P$182" x="-4.2" y="-3.5" dx="0.45" dy="0.45" layer="1" roundness="100"/>
<smd name="P$183" x="-4.9" y="-3.5" dx="0.45" dy="0.45" layer="1" roundness="100"/>
<smd name="P$184" x="-5.6" y="-3.5" dx="0.45" dy="0.45" layer="1" roundness="100"/>
<smd name="P$185" x="5.6" y="-3.5" dx="0.45" dy="0.45" layer="1" roundness="100"/>
<smd name="P$186" x="4.9" y="-3.5" dx="0.45" dy="0.45" layer="1" roundness="100"/>
<smd name="P$187" x="4.2" y="-3.5" dx="0.45" dy="0.45" layer="1" roundness="100"/>
<smd name="P$188" x="3.5" y="-3.5" dx="0.45" dy="0.45" layer="1" roundness="100"/>
<smd name="P$189" x="2.8" y="-3.5" dx="0.45" dy="0.45" layer="1" roundness="100"/>
<smd name="P$190" x="2.1" y="-3.5" dx="0.45" dy="0.45" layer="1" roundness="100"/>
<smd name="P$191" x="1.4" y="-3.5" dx="0.45" dy="0.45" layer="1" roundness="100"/>
<smd name="P$192" x="0.7" y="-3.5" dx="0.45" dy="0.45" layer="1" roundness="100"/>
<smd name="P$193" x="-0.7" y="-4.2" dx="0.45" dy="0.45" layer="1" roundness="100"/>
<smd name="P$194" x="-1.4" y="-4.2" dx="0.45" dy="0.45" layer="1" roundness="100"/>
<smd name="P$195" x="-2.1" y="-4.2" dx="0.45" dy="0.45" layer="1" roundness="100"/>
<smd name="P$196" x="-2.8" y="-4.2" dx="0.45" dy="0.45" layer="1" roundness="100"/>
<smd name="P$197" x="-3.5" y="-4.2" dx="0.45" dy="0.45" layer="1" roundness="100"/>
<smd name="P$198" x="-4.2" y="-4.2" dx="0.45" dy="0.45" layer="1" roundness="100"/>
<smd name="P$199" x="-4.9" y="-4.2" dx="0.45" dy="0.45" layer="1" roundness="100"/>
<smd name="P$200" x="-5.6" y="-4.2" dx="0.45" dy="0.45" layer="1" roundness="100"/>
<smd name="P$201" x="5.6" y="-4.2" dx="0.45" dy="0.45" layer="1" roundness="100"/>
<smd name="P$202" x="4.9" y="-4.2" dx="0.45" dy="0.45" layer="1" roundness="100"/>
<smd name="P$203" x="4.2" y="-4.2" dx="0.45" dy="0.45" layer="1" roundness="100"/>
<smd name="P$204" x="3.5" y="-4.2" dx="0.45" dy="0.45" layer="1" roundness="100"/>
<smd name="P$205" x="2.8" y="-4.2" dx="0.45" dy="0.45" layer="1" roundness="100"/>
<smd name="P$206" x="2.1" y="-4.2" dx="0.45" dy="0.45" layer="1" roundness="100"/>
<smd name="P$207" x="1.4" y="-4.2" dx="0.45" dy="0.45" layer="1" roundness="100"/>
<smd name="P$208" x="0.7" y="-4.2" dx="0.45" dy="0.45" layer="1" roundness="100"/>
<smd name="P$209" x="-0.2625" y="5.25" dx="0.45" dy="0.45" layer="1" roundness="100"/>
<smd name="P$216" x="-1.4" y="4.9" dx="0.45" dy="0.45" layer="1" roundness="100"/>
<smd name="P$217" x="-1.6625" y="5.6" dx="0.45" dy="0.45" layer="1" roundness="100"/>
<smd name="P$223" x="-2.3625" y="5.6" dx="0.45" dy="0.45" layer="1" roundness="100"/>
<smd name="P$224" x="-2.0125" y="4.9" dx="0.45" dy="0.45" layer="1" roundness="100"/>
<smd name="P$230" x="-2.8" y="4.9" dx="0.45" dy="0.45" layer="1" roundness="100"/>
<smd name="P$218" x="-1.6625" y="6.3" dx="0.45" dy="0.45" layer="1" roundness="100"/>
<smd name="P$219" x="-1.6625" y="7" dx="0.45" dy="0.45" layer="1" roundness="100"/>
<smd name="P$220" x="-1.6625" y="7.7" dx="0.45" dy="0.45" layer="1" roundness="100"/>
<smd name="P$221" x="-1.6625" y="8.4" dx="0.45" dy="0.45" layer="1" roundness="100"/>
<smd name="P$222" x="-1.6625" y="9.1" dx="0.45" dy="0.45" layer="1" roundness="100"/>
<smd name="P$225" x="-2.3625" y="6.3" dx="0.45" dy="0.45" layer="1" roundness="100"/>
<smd name="P$226" x="-2.3625" y="7" dx="0.45" dy="0.45" layer="1" roundness="100"/>
<smd name="P$227" x="-2.3625" y="7.7" dx="0.45" dy="0.45" layer="1" roundness="100"/>
<smd name="P$228" x="-2.3625" y="8.4" dx="0.45" dy="0.45" layer="1" roundness="100"/>
<smd name="P$229" x="-2.3625" y="9.1" dx="0.45" dy="0.45" layer="1" roundness="100"/>
<smd name="P$210" x="-0.2625" y="5.95" dx="0.45" dy="0.45" layer="1" roundness="100"/>
<smd name="P$211" x="-0.2625" y="6.65" dx="0.45" dy="0.45" layer="1" roundness="100"/>
<smd name="P$212" x="-0.2625" y="7.35" dx="0.45" dy="0.45" layer="1" roundness="100"/>
<smd name="P$213" x="-0.2625" y="8.05" dx="0.45" dy="0.45" layer="1" roundness="100"/>
<smd name="P$214" x="-0.2625" y="8.75" dx="0.45" dy="0.45" layer="1" roundness="100"/>
<smd name="P$215" x="-0.2625" y="9.45" dx="0.45" dy="0.45" layer="1" roundness="100"/>
<smd name="P$231" x="-3.325" y="5.3375" dx="0.45" dy="0.45" layer="1" roundness="100"/>
<smd name="P$232" x="-4.025" y="5.3375" dx="0.45" dy="0.45" layer="1" roundness="100"/>
<smd name="P$233" x="-3.325" y="6.0375" dx="0.45" dy="0.45" layer="1" roundness="100"/>
<smd name="P$234" x="-3.325" y="6.7375" dx="0.45" dy="0.45" layer="1" roundness="100"/>
<smd name="P$235" x="-3.325" y="7.4375" dx="0.45" dy="0.45" layer="1" roundness="100"/>
<smd name="P$236" x="-3.325" y="8.1375" dx="0.45" dy="0.45" layer="1" roundness="100"/>
<smd name="P$237" x="-3.325" y="8.8375" dx="0.45" dy="0.45" layer="1" roundness="100"/>
<smd name="P$238" x="-4.025" y="6.0375" dx="0.45" dy="0.45" layer="1" roundness="100"/>
<smd name="P$239" x="-4.025" y="6.7375" dx="0.45" dy="0.45" layer="1" roundness="100"/>
<smd name="P$240" x="-4.025" y="7.4375" dx="0.45" dy="0.45" layer="1" roundness="100"/>
<smd name="P$241" x="-4.025" y="8.1375" dx="0.45" dy="0.45" layer="1" roundness="100"/>
<smd name="P$242" x="-4.025" y="8.8375" dx="0.45" dy="0.45" layer="1" roundness="100"/>
<smd name="P$243" x="-3.325" y="9.5375" dx="0.45" dy="0.45" layer="1" roundness="100"/>
<smd name="P$244" x="-4.025" y="9.5375" dx="0.45" dy="0.45" layer="1" roundness="100"/>
<smd name="P$245" x="-2.8875" y="10.15" dx="0.45" dy="0.45" layer="1" roundness="100"/>
<smd name="P$246" x="-2.275" y="10.4125" dx="0.45" dy="0.45" layer="1" roundness="100"/>
<smd name="P$247" x="-1.575" y="10.4125" dx="0.45" dy="0.45" layer="1" roundness="100"/>
<smd name="P$248" x="-0.9625" y="10.15" dx="0.45" dy="0.45" layer="1" roundness="100"/>
<smd name="P$249" x="-0.35" y="10.15" dx="0.45" dy="0.45" layer="1" roundness="100"/>
<smd name="P$250" x="-3.675" y="10.2375" dx="0.45" dy="0.45" layer="1" roundness="100"/>
<smd name="P$251" x="-3.5" y="10.9375" dx="0.45" dy="0.45" layer="1" roundness="100"/>
<smd name="P$252" x="-2.8875" y="11.55" dx="0.45" dy="0.45" layer="1" roundness="100"/>
<smd name="P$253" x="-2.275" y="12.1625" dx="0.45" dy="0.45" layer="1" roundness="100"/>
<smd name="P$254" x="-2.3625" y="11.1125" dx="0.45" dy="0.45" layer="1" roundness="100"/>
<smd name="P$255" x="-1.3125" y="12.1625" dx="0.45" dy="0.45" layer="1" roundness="100"/>